OrderID,OrderDate,Region,Category,Quantity,Discount,Sales,Profit,CustomerAge
1001,01/04/2024,South,Furniture,3.0,0.3,457.63,-19.688579261283078,35.0
1002,25/08/2024,,Furniture,7.0,0.1,"6,115.40",17318.32421036591,54.0
1003,10/03/2024,EAST,Technology,8.0,0.3,"1,932.88",-88.65716221252859,50.0
1004,12/02/2024,South,Office Supplies,3.0,0.2,934.61,137.28707983152532,53.0
1005,08/05/2024,West,office supplies,,0.15,"2,212.27",360.89903162918586,47.0
1006,2024-11-19,East,OFFICE SUPPLIES,9.0,0.3,"5,333.34",-38.25549734314208,53.0
1007,2024-09-08,South,Technology,2.0,0.15,"3,147.58",490.0096639720732,49.0
1008,27 Jun 2024,South,Furniture,6.0,0.2,"3,390.71",426.12303806479326,21.0
1009,2024-04-13,West,Technology,3.0,0.05,"4,217.27",1272.8323630145337,57.0
1010,2024-02-21,North,Office Supplies,2.0,0.3,"1,366.52",24.718376187882388,41.0
1011,2024-04-08,West,Furniture,7.0,0.15,"8,055.75",1308.8872170435627,20.0
1012,25/02/2024,East,Office Supplies,2.0,0.2,"1,983.07",251.3029701284693,39.0
1013,09 Mar 2024,north, Office Supplies ,7.0,0.1,"6,289.22",1462.715758908226,40.0
1014,07/09/2024,SOUTH,Furniture,7.0,0.3,"9,335.07",-157.56153779483788,22.0
1015,18 Feb 2024,North, Office Supplies ,1.0,0.0,751.16,261.93267708121306,69.0
1016,18 Jan 2024,west,office supplies,2.0,0.0,873.49,320.304596222863,29.0
1017,16 Jul 2024,North,Furniture,8.0,0.15,"9,440.98",1627.2088062693804,35.0
1018,2024-04-14, West ,Furniture,5.0,0.2,"6,829.66",758.352775931366,40.0
1019,14/06/2024, South ,Technology,2.0,0.2,282.37,42.71010730980569,61.0
1020,21 Feb 2024,North,Office Supplies,9.0,0.1,"7,729.85",1836.8092828998858,56.0
1021,17/03/2024,south,Furniture,3.0,0.15,"4,579.10",827.4888420073934,58.0
1022,2024-06-09,West,Technology,1.0,0.15,"1,295.63",105.57559367396351,30.0
1023,08 Sep 2024,East,Furniture,9.0,0.3,"12,501.94",-137.7169258582735,61.0
1024,31 May 2024,east,Technology,1.0,0.15,943.23,153.76362087226522,
1025,16 Jul 2024,South,Technology,5.0,0.1,"6,092.96",1331.2976381133851,42.0
1026,09/07/2024,,Furniture,9.0,0.3,"4,250.69",-38.73956732291754,
1027,08 Apr 2024,North,Office Supplies,6.0,0.0,"11,401.91",4040.6173535637295,19.0
1028,12/04/2024,West,office supplies,6.0,0.3,"3,343.36",-76.89628637043523,57.0
1029,2024-06-04,West,office supplies,4.0,0.0,"6,012.68",2117.8945332940266,67.0
1030,12 Jan 2024,South,Furniture,2.0,0.05,"1,645.34",440.5145406004093,42.0
1031,2024-09-07,South,Furniture,6.0,0.2,"5,603.79",589.5402696920139,46.0
1032,12 Aug 2024,East,Furniture,9.0,0.2,"10,566.63",1221.424504067224,43.0
1033,2024-04-21,West,Technology,,0.3,746.88,-29.17113702276602,22.0
1034,16/05/2024,West,Furniture,8.0,0.2,"11,670.17",1302.2071704345835,50.0
1035,29/04/2024,North,Office Supplies,4.0,0.15,"3,048.68",443.4276202998817,
1036,2024-08-25,West,Office Supplies,5.0,0.1,"5,982.46",1450.4593935046441,66.0
1037,04 Oct 2024,West,Office Supplies,2.0,0.0,-,549.4481341413319,66.0
1038,2024-02-09,North,Furniture,6.0,0.0,"5,252.99",1831.2451125357316,43.0
1039,30 May 2024, West ,Furniture,2.0,0.05,"1,778.58",538.8103187097017,
1040,2024-01-06,SOUTH,Office Supplies,3.0,0.0,"1,017.10",299.59222437509663,
1041,14/06/2024,North,Furniture,7.0,0.15,"1,631.94",324.73038226965826,51.0
1042,31/03/2024,South,Technology,1.0,0.2,"1,094.58",107.4449241302807,49.0
1043,2024-05-02,South,Office Supplies,5.0,0.3,"4,709.19",-55.2547102017504,69.0
1044,15 Jun 2024,west,Furniture,6.0,0.1,"7,341.45",1668.868118994363,56.0
1045,28 Apr 2024,South,Furniture,2.0,0.3,192.58,-25.15184355593899,24.0
1046,23/05/2024,South,Furniture,3.0,0.3,"1,512.92",12.657605442532313,21.0
1047,2024-10-06,West,Furniture,4.0,0.3,"1,332.35",-3.087209870020372,
1048,22 Oct 2024,West,Furniture,6.0,0.1,"8,523.83",1986.5516525754817,44.0
1049,2024-01-03,South,Office Supplies,9.0,0.05,"14,835.94",4302.071064917815,52.0
1050,17/05/2024,West,Technology,,0.3,"3,184.68",-11.31879969377486,43.0
1051,2024-11-05,West,Office Supplies,,0.05,"2,600.94",737.5173346409553,44.0
1052,12/07/2024,West,office supplies,1.0,0.1,311.21,160.76766425652127,65.0
1053,15/03/2024,South,Office Supplies,1.0,0.0,622.79,155.2592128679194,35.0
1054,2024-08-04,South,Furniture,6.0,0.2,"1,744.53",242.3356835638858,43.0
1055,22/02/2024,south,Furniture,2.0,0.15,"1,085.77",239.29755096847558,46.0
1056,2024-01-08,South,Office Supplies,3.0,0.0,"4,146.00",1417.0130597231855,42.0
1057,2024-08-18,North,Furniture,8.0,0.05,--,4121.655913514002,
1058,2024-07-07,North,Furniture,8.0,0.15,"3,296.59",600.2398280824947,68.0
1059,2024-10-03,West,Office Supplies,8.0,0.15,"7,683.66",1345.067952638676,44.0
1060,05/05/2024,west,Office Supplies,,0.2,"3,438.34",379.33866386474074,41.0
1061,07 Nov 2024,South,OFFICE SUPPLIES,6.0,0.05,"10,890.15",3149.454550443869,48.0
1062,02 Jun 2024,NORTH,Office Supplies,6.0,0.3,"5,288.28",-61.25917961598085,27.0
1063,26 Sep 2024,North,Furniture,2.0,0.1,"1,052.47",257.68833579891833,40.0
1064,06 Feb 2024,South,Office Supplies,5.0,0.2,"5,153.63",622.9471901814067,
1065,2024-02-05,North,OFFICE SUPPLIES,5.0,0.05,"3,367.43",983.8080616162446,25.0
1066,12 Oct 2024,North,Office Supplies,4.0,0.0,"7,818.58",2700.0437743144507,
1067,2024-10-31,North,Office Supplies,,0.0,"6,015.69",2138.469491682129,
1068,09/12/2024,West,Office Supplies,7.0,0.1,"8,834.57",2068.7970878829396,18.0
1069,28 Apr 2024,West,Technology,5.0,0.3,504.46,21.141746911852,51.0
1070,09/01/2024,North,Furniture,7.0,0.0,"6,020.82",2137.1059880182856,40.0
1071,23 Dec 2024,West,Technology,7.0,0.1,"11,105.04",2543.321645031894,37.0
1072,2024-08-07,North,Furniture,6.0,0.0,"7,556.59",2607.6479366034273,58.0
1073,31 Mar 2024,east,Furniture,3.0,0.3,"1,981.33",-54.541058392830664,
1074,2024-10-05, West ,Furniture,7.0,0.2,"10,518.37",1091.6027194012593,56.0
1075,2024-11-25, West ,Office Supplies,7.0,0.2,"9,646.39",1070.581258304555,
1076,13/04/2024,West,Technology,9.0,0.2,"5,127.91",560.7321946396937,19.0
1077,07 Oct 2024,West,Technology,2.0,0.15,"1,928.89",310.3120193797112,29.0
1078,14/10/2024,South,Office Supplies,4.0,0.2,"3,298.13",244.56970950083624,47.0
1079,2024-07-02,NORTH,Technology,9.0,0.0,"11,710.66",4048.839264399684,68.0
1080,2024-08-18,south,Technology,5.0,0.3,"2,571.84",19.115226803369406,26.0
1081,2024-04-08,South,Furniture,9.0,0.2,"4,060.72",420.0946451499833,23.0
1082,05/12/2024,North,Office Supplies,1.0,0.2,"1,467.26",175.82239796099927,66.0
1083,2024-12-24,South,Technology,1.0,0.1,"1,669.83",328.4324234537523,
1084,2024-12-24,West,Furniture,8.0,0.2,"10,894.81",1255.9769112895924,26.0
1085,26/09/2024,West,Office Supplies,4.0,0.1,"7,050.92",1615.9501040766206,38.0
1086,16/01/2024,west,Office Supplies,5.0,0.0,"7,577.42",2663.6984390768057,50.0
1087,13 May 2024,South,Furniture,,0.3,"4,348.03",49.55089511576898,28.0
1088,11/06/2024,North,Furniture,4.0,0.05,"5,885.90",1767.568738574953,34.0
1089,16/12/2024,West,Furniture,9.0,0.0,"9,118.39",3179.174046338222,38.0
1090,2024-07-18,north,Furniture,1.0,0.15,822.17,116.04014260907888,51.0
1091,14/07/2024,West,Furniture,7.0,0.05,"3,700.26",1060.0533092905885,
1092,2024-02-23,South,office supplies,9.0,0.3,"8,348.49",-63.088927625745704,39.0
1093,16/10/2024,North,Technology,6.0,0.1,"3,508.42",802.728691804254,
1094,2024-05-02,West,Office Supplies,,0.0,-,809.9606040081239,57.0
1095,03 Feb 2024,WEST,Office Supplies,2.0,0.3,"1,698.66",41.700677477406614,
1096,2024-12-26,North,Technology,7.0,0.15,"5,229.85",884.5062571391858,
1097,10 Mar 2024,West,Technology,5.0,0.05,"2,450.18",802.5360230892438,30.0
1098,06 Jan 2024,west,Furniture,2.0,0.2,-,294.11883455223364,65.0
1099,29/01/2024,West,Furniture,4.0,0.15,"5,899.28",1074.2906211380728,67.0
1100,2024-06-14,East,Technology,9.0,0.0,"3,767.66",1332.974402179944,44.0
1101,07/02/2024,East,Furniture,3.0,0.2,274.23,68.68395058245784,
1102,2024-11-03,South,Furniture,2.0,0.1,"1,329.56",276.8153911844964,57.0
1103,06/07/2024,west,Furniture,7.0,0.2,"9,045.52",960.8563131772562,43.0
1104,28 Apr 2024,East,Office Supplies,2.0,0.3,"2,372.20",-5.333786641233548,62.0
1105,02/01/2024,South,Technology,9.0,0.15,"2,775.61",511.39634550186435,36.0
1106,2024-06-24,South,OFFICE SUPPLIES,8.0,0.2,"10,055.92",1107.7619615024676,69.0
1107,25/02/2024,North,Technology,9.0,0.05,"2,734.61",741.5823839997398,
1108,22 Dec 2024,West,Furniture,9.0,0.05,"7,191.57",2031.144030705344,29.0
1109,16 Apr 2024,West,Technology,3.0,0.1,"5,392.87",1183.27391067511,55.0
1110,22 Jun 2024,east,Furniture,2.0,0.3,652.29,-77.22780041551745,32.0
1111,2024-01-07,north,OFFICE SUPPLIES,4.0,0.15,"1,334.60",231.26222076463281,36.0
1112,17/02/2024,WEST,Furniture,,0.1,"4,064.94",979.9386108215904,31.0
1113,16 Mar 2024,West,Technology,8.0,0.2,"8,175.17",898.7319888602942,53.0
1114,2024-01-19, North ,Office Supplies,7.0,0.3,"9,175.31",-182.16965313618806,
1115,21 Sep 2024,WEST,Technology,6.0,0.3,"8,246.95",-90.09994582691814,51.0
1116,11 Dec 2024,East,Technology,8.0,0.05,"1,765.61",505.5151699248199,48.0
1117,2024-12-25,SOUTH,Technology,6.0,0.2,"1,738.54",275.0790594124362,57.0
1118,07 Apr 2024, South ,OFFICE SUPPLIES,4.0,0.15,"5,448.17",867.902926415798,69.0
1119,14 Oct 2024,North,Furniture,4.0,0.1,"2,211.12",492.9313978485498,18.0
1120,2024-07-02,North,Technology,5.0,0.1,"8,015.46",1911.7897827410407,
1121,17/01/2024,North,office supplies,1.0,0.0,"1,360.56",5930.346596534455,23.0
1122,03/02/2024,North,Technology,,0.05,"2,078.16",625.1986555838153,45.0
1123,2024-07-18, West ,Technology,6.0,0.15,"8,577.21",1462.7088685362717,35.0
1124,2024-06-03,North,Furniture,7.0,0.3,"2,131.88",-8.121037432461296,51.0
1125,04/01/2024,West,Furniture,5.0,0.3,--,-0.5580625350555657,55.0
1126,05/12/2024,North,Office Supplies,8.0,0.05,"8,733.55",2500.350154079339,62.0
1127,23 Sep 2024,West,Technology,9.0,0.2,"7,570.48",867.8752442923306,38.0
1128,02 Jul 2024,West,Furniture,6.0,0.0,"8,422.26",2892.8699126290285,66.0
1129,26/12/2024,West,Technology,4.0,0.2,"4,288.34",484.85160719381935,34.0
1130,2024-12-20,North,Technology,,0.1,-,418.0197593056371,28.0
1131,21/12/2024,west,Technology,8.0,0.1,"14,392.09",3285.5293716553,37.0
1132,04 Apr 2024,East,Office Supplies,9.0,0.2,"7,785.16",855.4606980730866,45.0
1133,17 Nov 2024,North,Furniture,7.0,0.1,"1,769.53",382.09100020533253,52.0
1134,03 Jul 2024,West,Technology,8.0,0.2,"9,490.57",1001.0951436260877,61.0
1135,2024-09-22,North,Technology,8.0,0.15,"13,298.50",2246.6003917303706,29.0
1136,2024-11-09,west,Office Supplies,8.0,0.3,"3,946.99",-83.62947305859424,33.0
1137,29 Feb 2024,East,Furniture,5.0,0.15,"4,149.26",718.2863965972592,66.0
1138,2024-06-12,North,Furniture,1.0,0.05,861.72,203.89606152855583,40.0
1139,2024-02-17,South,Technology,1.0,0.2,158.16,45.876363561560645,30.0
1140,12 Apr 2024,West,Technology,2.0,0.1,"2,479.14",522.9440388832089,69.0
1141,2024-05-30,NORTH,Office Supplies,4.0,0.15,"2,622.56",423.183660100951,41.0
1142,08 Nov 2024,North,Technology,7.0,0.0,"11,173.27",3885.660200081036,69.0
1143,2024-11-10,East,Office Supplies,5.0,0.0,"8,405.14",2994.8051194675973,65.0
1144,22 May 2024,North,Technology,1.0,0.15,"1,411.29",253.1305102851021,65.0
1145,30/04/2024, North ,Furniture,2.0,0.05,"1,694.16",482.8382812461747,48.0
1146,12/07/2024,West,Furniture,9.0,0.3,"4,478.90",-24.840240521446773,59.0
1147,28/11/2024,West,Office Supplies,9.0,0.3,"9,593.38",-180.22154121933409,67.0
1148,2024-12-22,North,Furniture,4.0,0.2,"5,192.45",569.4439097683768,31.0
1149,23 Mar 2024,North,Office Supplies,8.0,0.2,"6,613.69",807.4065274052818,
1150,09/03/2024,,Furniture,7.0,0.15,"10,690.72",1822.7155251519507,34.0
1151,14/09/2024,,Furniture,9.0,0.0,"3,360.84",1179.0100727969445,51.0
1152,20 Apr 2024,East,Furniture,8.0,0.1,"12,745.66",2953.42714350464,46.0
1153,13 Mar 2024,West,Technology,6.0,0.1,"1,525.94",386.7897404996192,22.0
1154,2024-01-12,north,Technology,4.0,0.3,"1,096.76",-90.86622548889986,47.0
1155,2024-05-27,West,Office Supplies,6.0,0.05,"6,351.49",1774.6382704178861,27.0
1156,2024-05-23,South,Technology,3.0,0.1,--,150.17670641657682,44.0
1157,24/07/2024,west,Technology,4.0,0.1,721.20,137.2810694467532,47.0
1158,14/03/2024,South,Technology,6.0,0.0,-,264.55079970996155,51.0
1159,17 Sep 2024,South,Office Supplies,6.0,0.0,-,1938.2964965847007,39.0
1160,2024-09-05,South,Technology,6.0,0.1,"8,487.64",1874.7762056448792,39.0
1161,17 Jun 2024,West,Furniture,4.0,0.0,664.77,181.94945507081573,53.0
1162,07 Mar 2024,East,Technology,4.0,0.0,"5,357.16",1765.0181924139522,56.0
1163,04/07/2024,West,Office Supplies,1.0,0.1,"1,497.55",335.0709524484696,60.0
1164,03/09/2024,west,Furniture,6.0,0.05,"2,389.45",685.4049000379446,35.0
1165,16 May 2024,north,Office Supplies,6.0,0.15,"1,933.11",311.6501219800233,40.0
1166,06/04/2024,West,Technology,,0.0,--,5510.048988680098,35.0
1167,2024-07-03,South,Technology,5.0,0.05,"7,903.70",2340.013678852553,45.0
1168,09 May 2024,south,Furniture,5.0,0.1,"5,057.95",1156.513446424279,24.0
1169,26 May 2024,West,Office Supplies,1.0,0.3,"1,159.54",-96.98310509368419,40.0
1170,07 May 2024,East,Furniture,2.0,0.15,469.60,104.52362533348041,
1171,20/04/2024,West,Furniture,4.0,0.3,"2,378.64",-1.5720076139987391,45.0
1172,18/09/2024,North,Technology,4.0,0.1,"5,406.54",1255.8787780728237,62.0
1173,16/06/2024,West,Technology,4.0,0.1,"2,120.97",527.0826123807838,69.0
1174,19/06/2024,East,Technology,4.0,0.1,-,1219.7707243284233,41.0
1175,26/08/2024,West,Furniture,7.0,0.3,"5,183.90",28.511187378620747,20.0
1176,11 May 2024, West ,Furniture,2.0,0.3,"2,135.71",-59.73418540509773,29.0
1177,06/02/2024,North,Furniture,3.0,0.3,"2,064.07",9.328199537526718,23.0
1178,07 Nov 2024,east,Technology,,0.2,"1,278.43",73.13330359364176,57.0
1179,2024-01-21,East,Technology,3.0,0.15,"1,316.97",186.67461066182346,69.0
1180,2024-07-27,south,Technology,7.0,0.15,"2,950.73",562.278583205897,46.0
1181,07/04/2024, East ,Technology,1.0,0.3,"1,069.48",-21.13082070063357,27.0
1182,19/03/2024,east,Office Supplies,4.0,0.05,"1,238.53",392.7713909188184,19.0
1183,2024-01-16,North,Technology,1.0,0.1,237.03,63.99507384740457,68.0
1184,24/11/2024,West,Technology,9.0,0.3,"2,740.21",-31.60040263315591,34.0
1185,05 Jun 2024, South ,Technology,7.0,0.1,"2,728.90",682.2004936810998,23.0
1186,05/05/2024,South,Technology,3.0,0.05,"4,742.13",1365.7507024887386,27.0
1187,27/09/2024,,Technology,2.0,0.15,"1,457.18",176.49046264715122,31.0
1188,15 Jan 2024,West,Furniture,1.0,0.05,"1,882.65",513.8392343272764,
1189,2024-07-25,South,Furniture,5.0,0.3,"1,262.45",9.423120504992035,64.0
1190,29/06/2024,West,Office Supplies,7.0,0.3,"6,574.46",-49.924193517577926,32.0
1191,21 Jul 2024, East ,Technology,6.0,0.05,"5,429.74",1511.94243325755,53.0
1192,15/02/2024,West,Technology,8.0,0.15,"5,756.50",949.631782521125,
1193,13 Dec 2024,West,Furniture,4.0,0.3,"4,935.45",-72.62333335776708,18.0
1194,28 Mar 2024,south,Technology,3.0,0.2,"4,688.72",501.13999218295623,20.0
1195,04 Sep 2024,West,Technology,5.0,0.05,"8,352.55",2367.2035663076567,66.0
1196,29 Sep 2024,West,Technology,2.0,0.15,791.13,109.35745853341237,
1197,05/05/2024,North,Technology,9.0,0.15,"3,974.30",646.4862040008344,59.0
1198,17 Feb 2024,East,Technology,2.0,0.15,"2,289.12",420.0114974015759,19.0
1199,18/04/2024,West,Office Supplies,5.0,0.0,"3,246.29",1168.5677613865969,19.0
1200,2024-10-21,West,Technology,5.0,0.05,"7,105.89",2054.87693021192,62.0
1201,26/11/2024,South,office supplies,1.0,0.3,823.34,-23.914986490597542,23.0
1202,2024-12-07,east,Office Supplies,5.0,0.05,"5,446.95",1585.2129468130715,26.0
1203,23 Mar 2024, North ,Technology,5.0,0.05,"7,952.64",2273.601434736089,44.0
1204,2024-08-09,West, Office Supplies ,3.0,0.05,"4,132.53",1152.5618548194163,49.0
1205,25/02/2024,WEST,Furniture,2.0,0.05,285.95,45.31541381863599,29.0
1206,16/09/2024,West,Office Supplies,1.0,0.0,193.97,42.49779964324216,
1207,31 May 2024,West,Office Supplies,1.0,0.1,"1,118.66",210.75398735926007,
1208,2024-09-17,South,Technology,5.0,0.3,"3,583.18",-29.34939066636636,41.0
1209,2024-09-07,West,Office Supplies,1.0,0.0,594.35,237.2114227544376,37.0
1210,2024-12-28,North,Technology,9.0,0.05,"7,656.07",2156.7758281124666,21.0
1211,27/06/2024,South,Furniture,3.0,0.0,"4,620.09",1618.036234320698,41.0
1212,2024-05-04,North,office supplies,6.0,0.15,"8,519.87",1439.5796668663545,59.0
1213,2024-07-11,West,Furniture,7.0,0.05,"7,756.05",2262.915851630777,50.0
1214,29 Feb 2024, South ,Furniture,5.0,0.2,"3,328.81",365.65133527239453,64.0
1215,2024-02-10,South,Technology,,0.15,"4,177.40",652.0143957505877,24.0
1216,08 Jul 2024,South,Office Supplies,1.0,0.2,873.32,45.56919635833256,18.0
1217,28 Oct 2024,West,Technology,3.0,0.15,"1,779.96",303.77046635395124,46.0
1218,13/07/2024,West,Technology,3.0,0.1,"3,163.81",768.8270889918387,
1219,2024-10-12,East,Furniture,2.0,0.3,"1,939.90",-107.9664482164765,48.0
1220,2024-03-05,WEST,Furniture,3.0,0.1,608.99,153.89592415585716,65.0
1221,13/06/2024,West,Furniture,3.0,0.3,214.26,45.44228835709811,35.0
1222,11/08/2024,North,Furniture,7.0,0.3,"2,466.30",-30.78403667432171,46.0
1223,06 May 2024,South,Office Supplies,3.0,0.15,"4,588.91",802.1224949371314,53.0
1224,2024-01-06,East,office supplies,8.0,0.2,"8,498.90",906.7557616586085,25.0
1225,27/01/2024,West,OFFICE SUPPLIES,7.0,0.05,"2,837.72",818.1638755789672,64.0
1226,04/12/2024,East,Furniture,9.0,0.2,"12,898.81",1354.0326690198553,28.0
1227,08/08/2024,WEST,Furniture,1.0,0.2,794.33,-6.397099120711715,60.0
1228,06/04/2024,north,Furniture,9.0,0.3,"6,328.82",-25.57755122542472,52.0
1229,04/04/2024,North,Technology,6.0,0.05,"10,701.92",3064.156785917649,25.0
1230,15 Jan 2024,West,Technology,9.0,0.2,-,150.49446059735283,55.0
1231,10 Dec 2024,West,Technology,4.0,0.1,"1,831.82",365.8607715150922,28.0
1232,2024-02-09,North,Furniture,9.0,0.05,"10,370.86",2951.1492132467997,
1233,2024-10-04,East,office supplies,6.0,0.05,"2,687.12",772.3109726404155,67.0
1234,28 Mar 2024,North,Furniture,1.0,0.15,"1,182.44",171.8310526128935,67.0
1235,02 May 2024,EAST,Furniture,4.0,0.05,"1,925.75",573.5852753330125,
1236,09/04/2024,South,OFFICE SUPPLIES,2.0,0.0,576.80,219.98030765560677,
1237,27 Oct 2024, North ,Office Supplies,9.0,0.1,"3,995.50",931.7993554336646,
1238,12/01/2024,,Furniture,3.0,0.15,"2,303.15",401.07891896532175,33.0
1239,08/05/2024,West,Technology,3.0,0.05,"1,238.79",422.35950630372133,65.0
1240,2024-04-11,West,Office Supplies,5.0,0.3,"1,245.70",-55.160770419198045,42.0
1241,09 Apr 2024,South,Office Supplies,4.0,0.2,"5,550.51",608.3591308551108,58.0
1242,11/03/2024,South,office supplies,1.0,0.15,602.44,147.7226450684244,36.0
1243,29/11/2024,West,Technology,8.0,0.3,"4,398.47",6.596868127979249,56.0
1244,18/05/2024,North,Technology,8.0,0.1,"1,476.10",282.6322704808797,29.0
1245,2024-06-01,North, Office Supplies ,7.0,0.0,"5,453.02",1896.061379735827,
1246,20 May 2024,East,Furniture,6.0,0.0,"3,618.80",15850.865776173516,20.0
1247,23/12/2024,North,Furniture,4.0,0.3,"3,527.78",-14.954641374620572,23.0
1248,03/05/2024,North,Technology,5.0,0.3,"1,715.85",-9.347933536024147,36.0
1249,04/05/2024,West,office supplies,5.0,0.2,"7,151.58",777.9661310231484,43.0
1250,29/04/2024,North,Furniture,,0.0,"3,732.73",1291.1045687946985,54.0
1251,29/04/2024,South,Technology,1.0,0.05,275.20,91.33532940280378,36.0
1252,2024-02-02,East,Technology,,0.0,912.20,309.17393279633217,18.0
1253,2024-08-08,North,Technology,5.0,0.0,"1,595.60",556.7572618772573,34.0
1254,2024-01-10,,Office Supplies,2.0,0.05,"2,426.65",706.8710026758671,40.0
1255,23 Mar 2024,West,Furniture,1.0,0.15,281.98,20.813717984011987,46.0
1256,2024-03-14,south,Office Supplies,8.0,0.0,"13,756.21",4835.959106344274,
1257,16/04/2024,SOUTH,Technology,4.0,0.3,"4,292.72",73.64254134192086,30.0
1258,2024-10-03,West,Office Supplies,6.0,0.1,"8,951.24",1987.705478097046,
1259,06/08/2024,West,Technology,5.0,0.05,"5,222.70",1527.5424149600374,50.0
1260,27 Dec 2024,North,Furniture,7.0,0.15,"11,862.44",1986.2064954133284,58.0
1261,08/05/2024,WEST,OFFICE SUPPLIES,,0.2,"1,030.02",136.39864358661634,45.0
1262,04/12/2024,South,office supplies,3.0,0.05,"2,457.85",714.6387354427774,60.0
1263,17 Jan 2024,West,Furniture,8.0,0.0,"5,723.84",2033.8172697099228,29.0
1264,2024-07-03,West,Office Supplies,4.0,0.0,"7,609.71",2710.4172896359764,55.0
1265,18/10/2024,east,office supplies,8.0,0.3,"6,697.80",-59.28116127341669,20.0
1266,13 Jul 2024,West,Technology,4.0,0.0,"6,527.05",2329.750059619536,23.0
1267,06/12/2024,West, Office Supplies ,,0.15,360.10,-32.55474103260075,
1268,24 Apr 2024,West,Technology,7.0,0.1,"12,344.25",2902.795753488939,42.0
1269,13 Jan 2024,West,Technology,1.0,0.2,837.93,107.17501831341349,50.0
1270,2024-10-09,West,Furniture,,0.0,"7,265.84",2586.157249269663,49.0
1271,2024-01-25,West, Office Supplies ,1.0,0.3,"1,361.28",-62.40779668331919,
1272,2024-10-06,West,Furniture,2.0,0.2,"1,317.43",111.68610632679984,30.0
1273,2024-09-24,West,Office Supplies,6.0,0.1,"4,618.61",1068.1170847106632,27.0
1274,04/11/2024,North,Technology,9.0,0.05,"10,354.31",3002.0677049756982,20.0
1275,23/06/2024,South,Technology,4.0,0.3,961.24,1.7103446392573094,62.0
1276,22/11/2024,West,Furniture,2.0,0.05,"1,349.12",434.6251487277695,29.0
1277,02 Mar 2024,West,Office Supplies,3.0,0.1,"1,261.16",219.4576870408955,47.0
1278,07/06/2024,North,Furniture,9.0,0.1,"2,399.53",590.8452938639158,
1279,2024-02-14,East,Technology,,0.05,"11,608.74",40402.38042823349,26.0
1280,06 Oct 2024, East ,Office Supplies,1.0,0.1,"1,097.76",244.33267319295445,39.0
1281,17 Sep 2024,West,Office Supplies,4.0,0.0,"3,125.91",1035.2250160888482,22.0
1282,21/10/2024,West,office supplies,3.0,0.0,"2,629.42",940.4173545816666,27.0
1283,05/10/2024,West,Office Supplies,2.0,0.05,"1,747.78",410.29293091905004,25.0
1284,22 Apr 2024,WEST,Technology,8.0,0.0,"10,423.87",3674.289409459402,60.0
1285,25/01/2024,North,Furniture,6.0,0.1,"10,048.65",27018.07411940169,47.0
1286,05/12/2024,North,OFFICE SUPPLIES,2.0,0.3,"2,621.19",-24.073621378176796,66.0
1287,28 Jun 2024,West,Office Supplies,6.0,0.0,"5,063.01",1767.28624483423,
1288,04 Feb 2024,West,Office Supplies,4.0,0.0,"2,902.39",1062.6196684218223,28.0
1289,04 Dec 2024,North,Technology,1.0,0.0,956.99,327.799715862639,49.0
1290,28 Dec 2024,West,Furniture,5.0,0.15,"5,011.07",824.1161723748863,66.0
1291,11/06/2024,South,Technology,2.0,0.05,"1,857.16",518.3130636578933,45.0
1292,08/10/2024,West,Technology,3.0,0.1,"3,649.40",890.2784589929121,
1293,14/01/2024, East ,Office Supplies,8.0,0.0,"9,226.87",3250.8546831475783,33.0
1294,04/02/2024,West,Technology,7.0,0.05,"4,717.24",1352.5746711581724,66.0
1295,10 Apr 2024,south,Furniture,,0.1,"1,362.40",303.89399501430626,44.0
1296,27/08/2024,East,Furniture,,0.1,"5,899.15",1294.1172631545192,67.0
1297,2024-02-18,East,Office Supplies,6.0,0.15,"1,427.06",258.13905827127957,44.0
1298,13 Jan 2024,South, Office Supplies ,8.0,0.2,"2,659.32",222.1327488091118,
1299,01 Sep 2024,South,Furniture,7.0,0.1,"9,285.67",2165.776467319881,63.0
1300,08/10/2024,North,Technology,4.0,0.3,"2,349.99",-18.355081353324046,57.0
1301,2024-09-26,South,Technology,5.0,0.15,"2,157.40",462.2364465648941,55.0
1302,2024-10-18,West,Technology,5.0,0.05,"5,553.12",1566.3989444280728,68.0
1303,20 Oct 2024,North,Office Supplies,7.0,0.05,"10,211.24",2957.1537309123823,28.0
1304,2024-08-07,North,Furniture,3.0,0.05,"1,678.94",558.8247147459765,65.0
1305,08/07/2024,EAST,Furniture,3.0,0.15,"4,260.80",771.9910718581486,
1306,08 Nov 2024, North ,Furniture,3.0,0.05,"5,307.44",1511.3087742490006,68.0
1307,07 May 2024,West,Furniture,3.0,0.3,"2,593.60",-16.977344575108354,27.0
1308,2024-02-05,North,Office Supplies,2.0,0.1,"2,467.80",567.6742028193798,46.0
1309,01/10/2024,WEST,Office Supplies,1.0,0.3,139.93,9.878974024469649,59.0
1310,2024-04-10,WEST,Furniture,9.0,0.2,"13,654.71",1474.0711145703717,22.0
1311,23 Dec 2024, North ,Technology,1.0,0.1,761.15,171.49142987837303,21.0
1312,31 May 2024,North,Furniture,8.0,0.05,"14,101.12",4025.403222312973,62.0
1313,2024-11-06,WEST,Furniture,1.0,0.2,960.05,111.00998021296382,21.0
1314,16/01/2024,West,Furniture,7.0,0.05,723.36,227.7747987186521,49.0
1315,2024-08-28,,Furniture,3.0,0.05,493.70,134.0776521318019,66.0
1316,12 Jun 2024,west,Technology,5.0,0.3,"4,874.79",-113.34988620044138,49.0
1317,17 Jun 2024,West,Office Supplies,3.0,0.1,"3,156.49",765.5332640343563,43.0
1318,06/04/2024,South,Technology,,0.0,752.06,277.80135522990935,
1319,20/12/2024,West,office supplies,5.0,0.1,"6,806.58",1536.4734098357817,51.0
1320,2024-05-23,East,Technology,,0.1,"7,735.84",1768.0197874730231,47.0
1321,06/11/2024,East,Furniture,4.0,0.3,"2,920.94",-89.23618617704477,44.0
1322,04 Jun 2024, North ,Furniture,5.0,0.2,"3,939.76",392.356815027549,25.0
1323,18/01/2024,West,Furniture,,0.05,839.03,221.80673670160044,52.0
1324,2024-11-16,North,Furniture,4.0,0.0,"6,378.54",2281.6250677241796,56.0
1325,08 Mar 2024, South ,Office Supplies,4.0,0.15,"2,476.43",395.4122488650739,54.0
1326,08 Apr 2024,South,Office Supplies,2.0,0.0,"3,539.30",1264.3641606839278,
1327,10 Nov 2024,South,Office Supplies,4.0,0.05,"3,073.50",869.7816101145881,54.0
1328,22/11/2024,north,Technology,2.0,0.0,"2,347.30",831.4715235729134,55.0
1329,30 Nov 2024,North,Technology,,0.0,"1,227.30",423.89875821935345,27.0
1330,2024-06-04,West,Technology,9.0,0.3,"2,552.24",9.39984298729495,62.0
1331,03/10/2024,South,Technology,1.0,0.0,"1,572.33",528.9213022198408,45.0
1332,2024-04-29,West, Office Supplies ,5.0,0.0,"5,217.61",1763.2622121637885,42.0
1333,2024-09-27,South,Office Supplies,8.0,0.3,"6,268.23",-117.96027634178483,
1334,2024-07-02, East ,Office Supplies,9.0,0.05,"16,538.18",4774.797727892418,44.0
1335,19/01/2024,West,Technology,2.0,0.2,"3,089.28",289.8587238199661,46.0
1336,2024-06-01,North,Furniture,2.0,0.0,"3,451.44",1224.4125024913787,34.0
1337,2024-06-19,West,Office Supplies,4.0,0.0,"1,825.83",620.4099921606661,66.0
1338,03/04/2024,south,Technology,5.0,0.0,"6,145.59",2245.94097055381,68.0
1339,16 May 2024,West, Office Supplies ,9.0,0.2,"12,733.06",1331.1276608161675,24.0
1340,02/07/2024, East ,Technology,2.0,0.15,"1,379.52",242.66347465250374,56.0
1341,19 Jan 2024,West,OFFICE SUPPLIES,2.0,0.1,525.78,75.81198918470437,19.0
1342,25/02/2024,East,Technology,3.0,0.05,"4,676.36",1336.409539917154,37.0
1343,06 Oct 2024,South,Office Supplies,8.0,0.0,"8,122.81",2848.6388721803746,
1344,2024-05-08,NORTH,office supplies,1.0,0.15,996.49,76.38915539764099,27.0
1345,10/08/2024, South ,Furniture,,0.05,"7,471.08",2176.0867723018237,
1346,25/07/2024,South,Technology,2.0,0.15,"2,131.29",438.43609497526165,29.0
1347,20 Jul 2024,east,Technology,2.0,0.2,"1,451.94",141.57557463200055,55.0
1348,30 May 2024,WEST,Office Supplies,9.0,0.3,"5,058.71",-40.19481455908924,42.0
1349,25/06/2024,North,Office Supplies,,0.1,804.13,225.94653552585214,48.0
1350,2024-10-27,West,office supplies,3.0,0.0,974.87,334.6480309403643,67.0
1351,2024-12-18,north,Technology,9.0,0.05,"13,765.72",3968.8212106918418,45.0
1352,03/04/2024,West,Technology,6.0,0.3,"7,104.98",-162.079261432196,56.0
1353,2024-09-01,North,Technology,1.0,0.15,544.30,118.17086207292834,23.0
1354,19 Dec 2024,North, Office Supplies ,5.0,0.15,"2,878.16",484.76007153309484,29.0
1355,03 Jan 2024,North,Furniture,9.0,0.1,"14,266.00",3240.673613092812,67.0
1356,13 Oct 2024,North,Technology,4.0,0.0,582.17,208.82501411546923,62.0
1357,30/06/2024,South,Furniture,5.0,0.3,"3,811.04",-61.45763428276793,
1358,19/12/2024,South,Office Supplies,5.0,0.2,"3,923.94",410.4958522291138,37.0
1359,2024-07-30,North,Technology,6.0,0.3,"5,927.21",-35.020469968012804,28.0
1360,01/11/2024,north,Technology,2.0,0.3,574.62,-59.281515676929274,62.0
1361,2024-03-01,East,Technology,8.0,0.05,"10,410.70",3060.994421596736,58.0
1362,21/02/2024,west,Technology,9.0,0.05,"6,975.04",1966.8553012742002,30.0
1363,04/12/2024,West,office supplies,2.0,0.05,"2,423.56",8115.893339179051,48.0
1364,11/07/2024,West,Technology,8.0,0.3,986.61,67.05173871219972,50.0
1365,22/07/2024,South,Technology,8.0,0.15,"6,645.52",1174.831806361753,
1366,03 Mar 2024,North,Furniture,7.0,0.1,"6,881.34",1586.6130959226862,66.0
1367,23/03/2024,South,Furniture,4.0,0.3,"1,420.22",-51.82337325193396,24.0
1368,25 Oct 2024, South ,Technology,5.0,0.15,"1,552.46",242.74747900639215,31.0
1369,20/04/2024,West,Office Supplies,8.0,0.3,"2,565.37",-22.722653257081035,22.0
1370,01/08/2024,East,Office Supplies,2.0,0.3,"1,055.42",-9.05322338290113,
1371,2024-04-25,south,Technology,8.0,0.0,"2,271.51",791.3951571174097,51.0
1372,06 Apr 2024,West,Technology,9.0,0.1,"15,389.25",3538.294580380714,69.0
1373,01/03/2024,West,Technology,7.0,0.2,"4,869.14",527.0300451865,
1374,05/12/2024,West,Furniture,4.0,0.2,"5,238.54",518.5597207309132,25.0
1375,09 Dec 2024,West,Furniture,6.0,0.0,"11,708.36",4077.263891517865,41.0
1376,2024-02-12,West,Technology,1.0,0.05,240.73,106.39584447690764,22.0
1377,2024-05-08, East ,Furniture,9.0,0.15,"10,237.02",1685.5592998919287,52.0
1378,24 Jul 2024,north,Furniture,4.0,0.2,"5,618.17",610.4161767509527,53.0
1379,19 May 2024,west,Furniture,1.0,0.0,"1,305.05",423.9757414370405,62.0
1380,2024-09-20,South,Furniture,8.0,0.15,"6,223.02",1062.3669901253456,35.0
1381,2024-04-04,North,Technology,,0.05,"5,238.56",1503.6361891907998,
1382,22/01/2024,EAST,Office Supplies,6.0,0.05,958.78,337.14337788229886,21.0
1383,02/05/2024,South,Office Supplies,1.0,0.15,948.38,181.48796243408069,39.0
1384,2024-08-06,North,Technology,7.0,0.1,"12,522.71",2827.751097822781,42.0
1385,06/03/2024,West,Technology,6.0,0.15,"9,799.88",1692.8280279981147,57.0
1386,24 Oct 2024,East,Furniture,8.0,0.05,"1,343.36",358.58973644895997,57.0
1387,05 Jan 2024,South,Furniture,8.0,0.2,"9,222.49",991.3942171997021,25.0
1388,25/01/2024,East,Technology,,0.0,"1,346.71",483.9000335112029,32.0
1389,2024-07-04,west,Technology,2.0,0.3,"2,541.95",-45.089408269808644,44.0
1390,05/07/2024,East,Furniture,9.0,0.0,"1,671.46",620.7259857229502,35.0
1391,2024-04-17,North,Technology,5.0,0.2,"7,512.64",795.4103468207275,19.0
1392,04/04/2024,West,Furniture,4.0,0.1,"6,088.33",1375.558978023276,61.0
1393,2024-01-26,North,Furniture,3.0,0.1,872.80,174.48858487792018,56.0
1394,2024-08-29,South,Office Supplies,6.0,0.0,"1,282.00",426.0735559618222,45.0
1395,2024-05-18,West,Technology,7.0,0.2,"9,441.29",1082.509512550158,34.0
1396,2024-02-13,North,Technology,1.0,0.0,395.94,163.73070294250738,61.0
1397,25/05/2024,South,Office Supplies,5.0,0.15,"4,744.30",874.9291976581092,19.0
1398,08 Dec 2024,West,OFFICE SUPPLIES,9.0,0.2,"13,247.39",1547.918630291852,41.0
1399,05 Apr 2024,North,Office Supplies,3.0,0.3,"2,474.12",-65.96986100791162,
1400,22 Nov 2024,north,Technology,3.0,0.2,"2,051.38",228.46898911186008,
1399,05 Apr 2024,North,Office Supplies,3.0,0.3,"2,474.12",-65.96986100791162,
1126,05/12/2024,North,Office Supplies,8.0,0.05,"8,733.55",2500.350154079339,62.0
1329,30 Nov 2024,North,Technology,,0.0,"1,227.30",423.89875821935345,27.0
1340,02/07/2024, East ,Technology,2.0,0.15,"1,379.52",242.66347465250374,56.0
1173,16/06/2024,West,Technology,4.0,0.1,"2,120.97",527.0826123807838,69.0
1343,06 Oct 2024,South,Office Supplies,8.0,0.0,"8,122.81",2848.6388721803746,
1198,17 Feb 2024,East,Technology,2.0,0.15,"2,289.12",420.0114974015759,19.0
1292,08/10/2024,West,Technology,3.0,0.1,"3,649.40",890.2784589929121,
1030,12 Jan 2024,South,Furniture,2.0,0.05,"1,645.34",440.5145406004093,42.0
1285,25/01/2024,North,Furniture,6.0,0.1,"10,048.65",27018.07411940169,47.0
1175,26/08/2024,West,Furniture,7.0,0.3,"5,183.90",28.511187378620747,20.0
1373,01/03/2024,West,Technology,7.0,0.2,"4,869.14",527.0300451865,
1189,2024-07-25,South,Furniture,5.0,0.3,"1,262.45",9.423120504992035,64.0
1325,08 Mar 2024, South ,Office Supplies,4.0,0.15,"2,476.43",395.4122488650739,54.0
1322,04 Jun 2024, North ,Furniture,5.0,0.2,"3,939.76",392.356815027549,25.0
